wmpid,cand_name,full_name,cand_office_st,cand_party_affiliation,matches,bp_name_raw,bp_url,bp_name,bp_url_filename,_merge,hc_face_note,hc_face_url,hc_first_name,hc_last_name,hc_middle_name,hc_suffix,hc_affix,hc_name_other,hc_double_surname
WMPID1299,"BOOZMAN, SEN. JOHN",John Boozman,AR,REP,John Boozman,"John Boozman (R)  
											",https://s3.amazonaws.com/ballotpedia-api4/files/thumbs/100/100/johnboozmanupdated.jpg,John Boozman,johnboozmanupdated.jpg,both,,,,,,,,,
WMPID1302,"KELLY, MARK",Mark Kelly,AZ,DEM,Mark Kelly,"Mark Kelly (D)  
											",https://s3.amazonaws.com/ballotpedia-api4/files/thumbs/100/100/Mark-Kelly.png,Mark Kelly,Mark-Kelly.png,both,,,,,,,,,
WMPID1305,"BENNET, MICHAEL F.",Michael Bennet,CO,DEM,Michael Bennet,"Michael Bennet (D)  
											",https://s3.amazonaws.com/ballotpedia-api4/files/thumbs/100/100/Michael_Bennet.jpg,Michael Bennet,Michael_Bennet.jpg,both,,,,,,,,,
WMPID1315,"BLUMENTHAL, RICHARD",Richard Blumenthal,CT,DEM,Richard Blumenthal,"Richard Blumenthal (D / Working Families Party)  
											",https://s3.amazonaws.com/ballotpedia-api4/files/thumbs/100/100/Richard_Blumenthal.jpg,Richard Blumenthal,Richard_Blumenthal.jpg,both,,,,,,,,,
WMPID1321,"RUBIO, MARCO",Marco Rubio,FL,REP,Marco Rubio,"Marco Rubio (R)  
											",https://s3.amazonaws.com/ballotpedia-api4/files/thumbs/100/100/Marco_Rubio.jpg,Marco Rubio,Marco_Rubio.jpg,both,,,,,,,,,
WMPID174,"KNEPPER, HOWARD",Howard Knepper,FL,W,,,,,,left_only,,,,,,,,,
WMPID1330,"WARNOCK, RAPHAEL",Raphael Warnock,GA,DEM,Raphael Warnock,"Raphael Warnock (D)  
											",https://s3.amazonaws.com/ballotpedia-api4/files/thumbs/100/100/Raphael_Warnock.jpg,Raphael Warnock,Raphael_Warnock.jpg,both,,,,,,,,,
WMPID1342,"GRASSLEY, CHARLES E",Chuck Grassley,IA,REP,Chuck Grassley,"Chuck Grassley (R)  
											",https://s3.amazonaws.com/ballotpedia-api4/files/thumbs/100/100/Chuck_Grassley.jpg,Chuck Grassley,Chuck_Grassley.jpg,both,,,,,,,,,
WMPID1352,"MORAN, JERRY",Jerry Moran,KS,REP,Jerry Moran,"Jerry Moran (R)  
											",https://s3.amazonaws.com/ballotpedia-api4/files/thumbs/100/100/Jerry_Moran.jpg,Jerry Moran,Jerry_Moran.jpg,both,,,,,,,,,
WMPID1357,"PAUL, RAND",Rand Paul,KY,REP,Rand Paul,"Rand Paul (R)  
											",https://s3.amazonaws.com/ballotpedia-api4/files/thumbs/100/100/Rand_Paul.jpg,Rand Paul,Rand_Paul.jpg,both,,,,,,,,,
WMPID2244,"BOOKER, CHARLES",Charles Booker,KY,DEM,Charles Booker,"Charles Booker (D) 
",https://s3.amazonaws.com/ballotpedia-api4/files/thumbs/100/100/Charles_Booker1.jpeg,Charles Booker,Charles_Booker1.jpeg,both,,,,,,,,,
WMPID1370,"JOHN, XAN MR.",Xan John,LA,OTH,,,,,,left_only,,,,,,,,,
WMPID4757,"DINE, JONATHAN",Jonathan Dine,MO,LIB,Jonathan Dine,"Jonathan Dine (L)  
											",https://s3.amazonaws.com/ballotpedia-api4/files/thumbs/100/100/Jonathan-Dine.PNG,Jonathan Dine,Jonathan-Dine.PNG,both,,,,,,,,,
WMPID1396,"BRAY, SHANNON",Shannon Bray,NC,LIB,Shannon Bray,"Shannon Bray (L) 
",https://s3.amazonaws.com/ballotpedia-api4/files/thumbs/100/100/ShannonBray.jpg,Shannon Bray,ShannonBray.jpg,both,,,,,,,,,
WMPID1399,"HOEVEN, JOHN",John Hoeven,ND,REP,John Hoeven,"John Hoeven (R)  
											",https://s3.amazonaws.com/ballotpedia-api4/files/thumbs/100/100/John_Hoeven.jpg,John Hoeven,John_Hoeven.jpg,both,,,,,,,,,
WMPID1405,"BOLDUC, DONALD C.",Don Bolduc,NH,REP,Don Bolduc,"Don Bolduc (R)  
											",https://s3.amazonaws.com/ballotpedia-api4/files/thumbs/100/100/DonBolduc.jpg,Don Bolduc,DonBolduc.jpg,both,,,,,,,,,
WMPID1445,"LEE, MIKE",Mike Lee,UT,REP,Mike Lee,"Mike Lee (R)  
											",https://s3.amazonaws.com/ballotpedia-api4/files/thumbs/100/100/Mike_Lee_113th_Congress.jpg,Mike Lee,Mike_Lee_113th_Congress.jpg,both,,,,,,,,,
WMPID1450,"JOHNSON, RON HAROLD MR.",Ron Johnson,WI,REP,,,,,,left_only,,,,,,,,,
WMPID4671,"TSHIBAKA, KELLY",Kelly Tshibaka,AK,REP,Kelly Tshibaka,Kelly Tshibaka ,https://s3.amazonaws.com/ballotpedia-api4/files/thumbs/100/100/Kelly_Tshibaka.jpg,Kelly Tshibaka,Kelly_Tshibaka.jpg,both,,,,,,,,,
WMPID4828,"CHESBRO, PATRICIA",Patricia Chesbro,AK,DEM,Patricia Chesbro,Patricia Chesbro ,https://s3.amazonaws.com/ballotpedia-api4/files/thumbs/100/100/Patricia-Chesbro.PNG,Patricia Chesbro,Patricia-Chesbro.PNG,both,,,,,,,,,
WMPID4999,"KELLEY, BUZZ A.",Buzz Kelley,AK,REP,Buzz Kelley,Buzz Kelley ,https://s3.amazonaws.com/ballotpedia-api4/files/thumbs/100/100/Buzz-Kelley.PNG,Buzz Kelley,Buzz-Kelley.PNG,both,,,,,,,,,
WMPID3864,"BRITT, KATIE BOYD",Katie Boyd Britt,AL,REP,Katie Britt,"Katie Britt (R)  
											",https://s3.amazonaws.com/ballotpedia-api4/files/thumbs/100/100/brittkatie.jpg,Katie Britt,brittkatie.jpg,both,,,,,,,,,
WMPID2592,"SANDERS, JARMAL JABBAR REV",Jarmal Jabbar Sander,AL,UN,,,,,,left_only,,,,,,,,,
WMPID1966,"BOWERS, RICHARD ADAM MR.",Richard Adam Bowers,AL,NPA,,,,,,left_only,,,,,,,,,
WMPID3679,"BOYD, WILLIE EUGENE DR. JR.",Willie Eugene Jr. Boyd,AL,DEM,,,,,,left_only,,,,,,,,,
WMPID5101,"SOPHOCLEUS, JOHN",John Sophocleus,AL,LIB,John Sophocleus,"John Sophocleus (L)  
											",https://s3.amazonaws.com/ballotpedia-api4/files/thumbs/100/100/John_SophocleusAL.png,John Sophocleus,John_SophocleusAL.png,both,,,,,,,,,
WMPID1969,"JAMES, NATALIE",Natalie James,AR,DEM,Natalie James,"Natalie James (D) 
",https://s3.amazonaws.com/ballotpedia-api4/files/thumbs/100/100/Natalie-James.PNG,Natalie James,Natalie-James.PNG,both,,,,,,,,,
WMPID1592,"CATES, KENNETH",Kenneth Cates,AR,LIB,Kenneth Cates,"Kenneth Cates (L)  
											",https://s3.amazonaws.com/ballotpedia-api4/files/thumbs/100/100/Kenneth_Cates.jpg,Kenneth Cates,Kenneth_Cates.jpg,both,,,,,,,,,
WMPID1684,"SHIRRELL, STUART F",Stuart Shirrell,AR,IND,,,,,,left_only,,,,,,,,,
WMPID4444,"GANT, RICHARD 'NAP'",Nap Gant,AR,WI,,,,,,left_only,,,,,,,,,
WMPID4666,"GARNER, JAMES",James Garner,AR,WI,James Garner,"James Garner (Independent) (Write-in)  
											",https://s3.amazonaws.com/ballotpedia-api4/files/thumbs/100/100/James-Garner.jpeg,James Garner,James-Garner.jpeg,both,,,,,,,,,
WMPID3625,"VICTOR, MARC J",Marc Victor,AZ,LIB,Marc Victor,"Marc Victor (L) (Unofficially withdrew) 
",https://s3.amazonaws.com/ballotpedia-api4/files/thumbs/100/100/MarcVictor.jpg,Marc Victor,MarcVictor.jpg,both,,,,,,,,,
WMPID3907,"MASTERS, BLAKE",Blake Masters,AZ,REP,Blake Masters,"Blake Masters (R)  
											",https://s3.amazonaws.com/ballotpedia-api4/files/thumbs/100/100/bmasters.jpg,Blake Masters,bmasters.jpg,both,,,,,,,,,
WMPID1456,"PADILLA, ALEX",Alex Padilla,CA,DEM,Alex Padilla,"Alex Padilla (D)  
											",https://s3.amazonaws.com/ballotpedia-api4/files/thumbs/100/100/Alex-Padilla.jpg,Alex Padilla,Alex-Padilla.jpg,both,,,,,,,,,
WMPID3569,"MEUSER, MARK",Mark Meuser,CA,REP,Mark Meuser,"Mark Meuser (R)  
											",https://s3.amazonaws.com/ballotpedia-api4/files/thumbs/100/100/Mark-Meuser.PNG,Mark Meuser,Mark-Meuser.PNG,both,,,,,,,,,
WMPID1859,"TREVI?O, AARON DAVID",Aaron David Trevi?O,CO,NPA,,,,,,left_only,,,,,,,,,
WMPID3196,"O'DEA, JOSEPH MATTHEW",Joseph Matthew O'Dea,CO,REP,,,,,,left_only,,,,,,,,,
WMPID1773,"ANDERSON, TEAL'C MR",Teal'C Anderson,CO,FRE,,,,,,left_only,,,,,,,,,
WMPID3422,"ATWOOD, FRANK FISHER",Frank Fisher Atwood,CO,OTH,,,,,,left_only,,,,,,,,,
WMPID4019,"LEVY, LEORA",Leora Levy,CT,REP,Leora Levy,"Leora Levy (R)  
											",https://s3.amazonaws.com/ballotpedia-api4/files/thumbs/100/100/Leora-Levy.PNG,Leora Levy,Leora-Levy.PNG,both,,,,,,,,,
WMPID4773,"TALMADGE, KRISTI L",Kristi Talmadge,CT,UN,,,,,,left_only,,,,,,,,,
WMPID3659,"GRANT, STEVEN B",Steven Grant,FL,NPA,Steven B. Grant,"Steven B. Grant (No Party Affiliation) 
",https://s3.amazonaws.com/ballotpedia-api4/files/thumbs/100/100/Steven_B_Grant.jpg,Steven B. Grant,Steven_B_Grant.jpg,both,,,,,,,,,
WMPID176,"MISIGOY, DENNIS",Dennis Misigoy,FL,LIB,Dennis Misigoy,"Dennis Misigoy (L) 
",https://s3.amazonaws.com/ballotpedia-api4/files/thumbs/100/100/Dennis_Misigoy.jpg,Dennis Misigoy,Dennis_Misigoy.jpg,both,,,,,,,,,
WMPID787,"DEMINGS, VAL",Val Demings,FL,DEM,Val Demings,"Val Demings (D)  
											",https://s3.amazonaws.com/ballotpedia-api4/files/thumbs/100/100/Val-Demings.PNG,Val Demings,Val-Demings.PNG,both,,,,,,,,,
WMPID2873,"NGUYEN, QUOC TUAN MR.",Quoc Tuan Nguyen,FL,NPA,Tuan Nguyen,"Tuan Nguyen (No Party Affiliation) 
",https://s3.amazonaws.com/ballotpedia-api4/files/thumbs/100/100/TuanNguyen.jpg,Tuan Nguyen,TuanNguyen.jpg,both,,,,,,,,,
WMPID3076,"EKPETE, ULOMA UMA DR.",Uloma Uma Ekpete,FL,W,,,,,,left_only,,,,,,,,,
WMPID1644,"HERNANDEZ, SALOMON SR.",Salomon Sr. Hernandez,FL,W,,,,,,left_only,,,,,,,,,
WMPID2249,"QUILES, MOSES J",Moses Quiles,FL,NNE,,,,,,left_only,,,,,,,,,
WMPID4511,"WALKER, HERSCHEL MR.",Herschel Walker,GA,REP,Herschel Walker,"Herschel Walker (R)  
											",https://s3.amazonaws.com/ballotpedia-api4/files/thumbs/100/100/Herschel_Walker.png,Herschel Walker,Herschel_Walker.png,both,,,,,,,,,
WMPID3554,"JOHNSON, ERIC CHASE",Eric Chase Johnson,GA,IND,,,,,,left_only,,,,,,,,,
WMPID4086,"CHASE, OLIVER",Oliver Chase,GA,LIB,Chase Oliver,"Chase Oliver (L)  
											",https://s3.amazonaws.com/ballotpedia-api4/files/thumbs/100/100/ChaseOliver.jpg,Chase Oliver,ChaseOliver.jpg,both,,,,,,,,,
WMPID2612,"MCDERMOTT, ROBERT C",Robert Mcdermott,HI,REP,,,,,,left_only,,,,,,,,,
WMPID3712,"BONOAN, FEENA",Feena Bonoan,HI,LIB,Feena Bonoan,"Feena Bonoan (L)  
											",https://s3.amazonaws.com/ballotpedia-api4/files/thumbs/100/100/FeenaBonoan4.jpg,Feena Bonoan,FeenaBonoan4.jpg,both,,,,,,,,,
WMPID4797,"POHLMAN, EMMA JANE AVILA",Emma Jane Avila Pohlman,HI,GRE,,,,,,left_only,,,,,,,,,
WMPID4847,"DECKER, DANIEL BURT MR IV",Daniel Burt IV Decker,HI,OTH,,,,,,left_only,,,,,,,,,
WMPID2549,"FRANKEN, MICHAEL T",Michael Franken,IA,DEM,Michael Franken,"Michael Franken (D)  
											",https://s3.amazonaws.com/ballotpedia-api4/files/thumbs/100/100/FrankenMikeHeadshot.jpg,Michael Franken,FrankenMikeHeadshot.jpg,both,,,,,,,,,
WMPID2511,"CLEVELAND, SCOTT OH",Scott Oh Cleveland,ID,UN,Scott Cleveland,"Scott Cleveland (Independent) 
",https://s3.amazonaws.com/ballotpedia-api4/files/thumbs/100/100/Scott_Cleveland.jpg,Scott Cleveland,Scott_Cleveland.jpg,both,,,,,,,,,
WMPID2576,"ROTH, DAVID JORDAN",David Jordan Roth,ID,DEM,,,,,,left_only,,,,,,,,,
WMPID3320,"SIERRA, CARTA REALE",Carta Reale Sierra,ID,LIB,,,,,,left_only,,,,,,,,,
WMPID3751,"HAUSKINS, DANIEL OBAMA MR JR",Daniel Hauskins,IL,GWP,,,,,,left_only,,,,,,,,,
WMPID4183,"REDPATH, WILLIAM MR.",William Redpath,IL,LIB,,,,,,left_only,,,,,,,,,
WMPID2659,"SALVI, KATHY RAYE",Kathy Raye Salvi,IL,REP,Kathy Salvi,"Kathy Salvi (R)  
											",https://s3.amazonaws.com/ballotpedia-api4/files/thumbs/100/100/KathySalvi.jpg,Kathy Salvi,KathySalvi.jpg,both,,,,,,,,,
WMPID2419,"HORGES, BRADLEY LAMAR MR. JR.",Bradley Lamar Jr. Horges,IL,W,,,,,,left_only,,,,,,,,,
WMPID4510,"KHAALIQ, HANEEFAH MS.",Haneefah Khaaliq,IN,DEM,,,,,,left_only,,,,,,,,,
WMPID3496,"GABEHART, JASON",Jason Gabehart,IN,IND,,,,,,left_only,,,,,,,,,
WMPID241,"KIZIK, ELLEN MS.",Ellen Kizik,IN,NON,,,,,,left_only,,,,,,,,,
WMPID1575,"MCDERMOTT, THOMAS M. JR",Thomas Jr Mcdermott,IN,DEM,Thomas McDermott Jr.,"Thomas McDermott Jr. (D)  
											",https://s3.amazonaws.com/ballotpedia-api4/files/thumbs/100/100/mcd4c_headshot.jpg,Thomas McDermott Jr.,mcd4c_headshot.jpg,both,,,,,,,,,
WMPID3441,"SCENIAK, JAMES",James Sceniak,IN,LIB,James Sceniak,"James Sceniak (L)  
											",https://s3.amazonaws.com/ballotpedia-api4/files/thumbs/100/100/James_Sceniak.jpg,James Sceniak,James_Sceniak.jpg,both,,,,,,,,,
WMPID3765,"HOLLAND, MARK R. REV.",Mark Holland,KS,DEM,Mark R. Holland,"Mark R. Holland (D) 
",https://s3.amazonaws.com/ballotpedia-api4/files/thumbs/100/100/Mark_Holland2022.jpg,Mark R. Holland,Mark_Holland2022.jpg,both,,,,,,,,,
WMPID5153,"GRAHAM, DAVID C.",David Graham,KS,LIB,David Graham,"David Graham (L)  
											",https://s3.amazonaws.com/ballotpedia-api4/files/thumbs/100/100/David-Graham.PNG,David Graham,David-Graham.PNG,both,,,,,,,,,
WMPID2695,"BIERY, DAVID",David Biery,KY,LIB,,,,,,left_only,,,,,,,,,
WMPID2339,"PARHAM, NICHOLAS",Nicholas Parham,LA,IND,,,,,,left_only,,,,,,,,,
WMPID4438,"MIXON, LUKE",Luke Mixon,LA,DEM,Luke Mixon,"Luke Mixon (D) 
",https://s3.amazonaws.com/ballotpedia-api4/files/thumbs/100/100/mixonluke.jpg,Luke Mixon,mixonluke.jpg,both,,,,,,,,,
WMPID4532,"VICTORIAN, MICHAEL DUKES",Michael Dukes Victorian,LA,SLP,,,,,,left_only,,,,,,,,,
WMPID4727,"CHAMBERS, GARY JR.",Gary Jr. Chambers,LA,DEM,Gary Chambers,"Gary Chambers (D)  
											",https://s3.amazonaws.com/ballotpedia-api4/files/thumbs/100/100/_DSC9626-min.jpg,Gary Chambers,_DSC9626-min.jpg,both,,,,,,,,,
WMPID3983,"STEIB, SYRITA",Syrita Steib,LA,DEM,Syrita Steib,"Syrita Steib (D) 
",https://s3.amazonaws.com/ballotpedia-api4/files/thumbs/100/100/Syrita_Steib1.png,Syrita Steib,Syrita_Steib1.png,both,,,,,,,,,
WMPID4822,"KYDER, ALBERT",Albert Kyder,LA,REP,,,,,,left_only,,,,,,,,,
WMPID1507,"MENDOZA, MANLIO VINICIO",Vinny Mendoza,LA,DEM,,,,,,left_only,,,,,,,,,
WMPID1722,"STRAUSS, NICHOLAS CRANE",Nicholas Crane Strauss,MO,UNK,,,,,,left_only,,,,,,,,,
WMPID4545,"SCHMITT, ERIC",Eric Schmitt,MO,REP,Eric Schmitt,"Eric Schmitt (R)  
											",https://s3.amazonaws.com/ballotpedia-api4/files/thumbs/100/100/Eric-Schmitt.PNG,Eric Schmitt,Eric-Schmitt.PNG,both,,,,,,,,,
WMPID1599,"PRICE, STEVEN CRAIG",Steven Craig Price,MO,IND,,,,,,left_only,,,,,,,,,
WMPID4178,"TUNNELL, LEONARD",Leonard Tunnell,MO,REP,,,,,,left_only,,,,,,,,,
WMPID4659,"BUSCH VALENTINE, TRUDY",Trudy Busch Valentine,MO,DEM,Trudy Busch Valentine,"Trudy Busch Valentine (D)  
											",https://s3.amazonaws.com/ballotpedia-api4/files/thumbs/100/100/TrudyBuschValentine.png,Trudy Busch Valentine,TrudyBuschValentine.png,both,,,,,,,,,
WMPID4903,"WOOD, JOHN FREDERICK",John Frederick Wood,MO,IND,,,,,,left_only,,,,,,,,,
WMPID5005,"VENABLE, PAUL",Paul Venable,MO,CON,Paul Venable,"Paul Venable (Constitution Party)  
											",https://s3.amazonaws.com/ballotpedia-api4/files/thumbs/100/100/Paul-Venable.PNG,Paul Venable,Paul-Venable.PNG,both,,,,,,,,,
WMPID3087,"BOYETTE, HAYDEN ZEL MR NONE",Hayden Zel None Boyette,NC,IND,,,,,,left_only,,,,,,,,,
WMPID4423,"RHINEHARDT, KIMREY WOODARD MRS.",Kimrey Woodards. Rhinehardt,NC,UN,,,,,,left_only,,,,,,,,,
WMPID3197,"LANEY RODRIGUEZ, BRENDA",Brenda Laney Rodriguez,NC,IND,,,,,,left_only,,,,,,,,,
WMPID3297,"BEASLEY, CHERI",Cheri Beasley,NC,DEM,Cheri Beasley,"Cheri Beasley (D)  
											",https://s3.amazonaws.com/ballotpedia-api4/files/thumbs/100/100/Cheri_Beasley.jpg,Cheri Beasley,Cheri_Beasley.jpg,both,,,,,,,,,
WMPID3949,"BUDD, THEODORE P",Theodore Budd,NC,REP,,,,,,left_only,,,,,,,,,
WMPID3021,"HOH, MATTHEW PATRICK MR",Matthew Patrick Hoh,NC,GRE,,,,,,left_only,,,,,,,,,
WMPID4235,"WHITE, MARC MICHAEL",Marc Michael White,NC,UN,,,,,,left_only,,,,,,,,,
WMPID1886,"LEWIS, MICHELLE ESTELLE",Michelle Estelle Lewis,NC,UN,,,,,,left_only,,,,,,,,,
WMPID2989,"CHRISTIANSEN, KATRINA",Katrina Christiansen,ND,DEM,Katrina Christiansen,"Katrina Christiansen (D) 
",https://s3.amazonaws.com/ballotpedia-api4/files/thumbs/100/100/KatrinaChristiansen.jpg,Katrina Christiansen,KatrinaChristiansen.jpg,both,,,,,,,,,
WMPID2496,"KAUFFMAN, JEREMY",Jeremy Kauffman,NH,LIB,Jeremy Kauffman,"Jeremy Kauffman (L) 
",https://s3.amazonaws.com/ballotpedia-api4/files/thumbs/100/100/Jeremy_Kauffman___.jpg,Jeremy Kauffman,Jeremy_Kauffman___.jpg,both,,,,,,,,,
WMPID4165,"GRIFFIN, PETER JOHN",Peter John Griffin,NV,COM,,,,,,left_only,,,,,,,,,
WMPID2154,"LOWE, GRETCHEN RAE",Gretchen Rae Lowe,NV,NPA,,,,,,left_only,,,,,,,,,
WMPID2987,"LAXALT, ADAM",Adam Laxalt,NV,REP,Adam Laxalt,"Adam Laxalt (R)  
											",https://s3.amazonaws.com/ballotpedia-api4/files/thumbs/100/100/AdamLaxalt2015.jpg,Adam Laxalt,AdamLaxalt2015.jpg,both,,,,,,,,,
WMPID1989,"DESTIN, JOSEPH J",Joseph Destin,NV,NPA,,,,,,left_only,,,,,,,,,
WMPID5009,"LINDEMANN, BARRY",Barry Lindemann,NV,UN,Barry Lindemann,"Barry Lindemann (Independent) 
",https://s3.amazonaws.com/ballotpedia-api4/files/thumbs/100/100/Barry_lindemann.jpg,Barry Lindemann,Barry_lindemann.jpg,both,,,,,,,,,
WMPID3120,"SARE, DIANE WILSON MS",Diane Wilson Sare,NY,IND,,,,,,left_only,,,,,,,,,
WMPID3922,"ANABILAH-AZUMAH, JOEL MR",Joel Anabilah-Azumah,NY,NPA,,,,,,left_only,,,,,,,,,
WMPID468,"NASCIMBENE, LUCA",Luca Nascimbene,NY,W,,,,,,left_only,,,,,,,,,
WMPID3228,"AHMED, MOHAMMAD MOKHTAR",Mohammad Mokhtar Ahmed,NY,VET,,,,,,left_only,,,,,,,,,
WMPID3108,"PINION, JOSEPH III",Joseph III Pinion,NY,REP,,,,,,left_only,,,,,,,,,
WMPID4034,"MASTERSON, WALTER JOSEPH",Walter Joseph Masterson,NY,OTH,,,,,,left_only,,,,,,,,,
WMPID2324,"ALEXANDER, VIVIKA",Vivika Alexander,NY,GOP,,,,,,left_only,,,,,,,,,
WMPID4091,"LACAVERA, DOMINIC JAMES JR.",Dominic James Jr. Lacavera,OH,LIB,,,,,,left_only,,,,,,,,,
WMPID3360,"MOUSOURAKIS, SHAWN",Shawn Mousourakis,OH,VET,,,,,,left_only,,,,,,,,,
WMPID1763,"MEIRING, ERIC RICHARD REVEREND",Eric Richard Reverend Meiring,OH,IND,,,,,,left_only,,,,,,,,,
WMPID3217,"RYAN, TIMOTHY",Timothy Ryan,OH,DEM,,,,,,left_only,,,,,,,,,
WMPID3111,"RONAN, SAMUEL",Samuel Ronan,OH,IND,,,,,,left_only,,,,,,,,,
WMPID3328,"VANCE, J D",J D Vance,OH,REP,J.D. Vance,"J.D. Vance (R)  
											",https://s3.amazonaws.com/ballotpedia-api4/files/thumbs/100/100/J.D._Vance.png,J.D. Vance,J.D._Vance.png,both,,,,,,,,,
WMPID3267,"GRAHAM, ROBERT WILLIAM",Robert William Graham,OH,W,,,,,,left_only,,,,,,,,,
WMPID3936,"TAYLOR, CHAD ALAN",Chad Alan Taylor,OH,W,,,,,,left_only,,,,,,,,,
WMPID3332,"BOLLINGER, JASON",Jason Bollinger,OK,DEM,,,,,,left_only,,,,,,,,,
WMPID3844,"HORN, MADISON",Madison Horn,OK,DEM,Madison Horn,"Madison Horn (D) 
",https://s3.amazonaws.com/ballotpedia-api4/files/thumbs/100/100/Madison-Horn.PNG,Madison Horn,Madison-Horn.PNG,both,,,,,,,,,
WMPID834,"MULLIN, MARKWAYNE",Markwayne Mullin,OK,REP,Markwayne Mullin,"Markwayne Mullin (R)  
											",https://s3.amazonaws.com/ballotpedia-api4/files/thumbs/100/100/Markwayne-Mullin.PNG,Markwayne Mullin,Markwayne-Mullin.PNG,both,,,,,,,,,
WMPID1214,"HORN, KENDRA",Kendra Horn,OK,DEM,Kendra Horn,"Kendra Horn (D)  
											",https://s3.amazonaws.com/ballotpedia-api4/files/thumbs/100/100/KENDRA_HORN.jpg,Kendra Horn,KENDRA_HORN.jpg,both,,,,,,,,,
WMPID1756,"BLEVINS, KENNETH",Kenneth Blevins,OK,LIB,Kenneth Blevins,"Kenneth Blevins (L) 
",https://s3.amazonaws.com/ballotpedia-api4/files/thumbs/100/100/Kenneth-Blevins.PNG,Kenneth Blevins,Kenneth-Blevins.PNG,both,,,,,,,,,
WMPID4906,"DELANEY, MICHAEL L",Michael Delaney,OK,IND,Michael Delaney,"Michael Delaney (Independent) 
",https://s3.amazonaws.com/ballotpedia-api4/files/thumbs/100/100/MichaelLDelane.jpg,Michael Delaney,MichaelLDelane.jpg,both,,,,,,,,,
WMPID2221,"PULJU, DAN",Dan Pulju,OR,GRE,Dan Pulju,"Dan Pulju (Pacific Green Party) 
",https://s3.amazonaws.com/ballotpedia-api4/files/thumbs/100/100/Dan-Pulju.PNG,Dan Pulju,Dan-Pulju.PNG,both,,,,,,,,,
WMPID1753,"STETTLER, MICHAEL KURT",Michael Kurt Stettler,OR,CON,,,,,,left_only,,,,,,,,,
WMPID5125,"HENRY, CHRIS",Chris Henry,OR,PRO,Chris Henry,"Chris Henry (Progressive Party)  
											",https://s3.amazonaws.com/ballotpedia-api4/files/thumbs/100/100/chenry.jpeg,Chris Henry,chenry.jpeg,both,,,,,,,,,
WMPID2723,"STERN, EVERETT",Everett Stern,PA,IND,,,,,,left_only,,,,,,,,,
WMPID1790,"OZ, MEHMET DR",Mehmet Oz,PA,REP,Mehmet Oz,"Mehmet Oz (R)  
											",https://s3.amazonaws.com/ballotpedia-api4/files/thumbs/100/100/moz.jpg,Mehmet Oz,moz.jpg,both,,,,,,,,,
WMPID3219,"MAGEE, QUINCY",Quincy Magee,PA,W,,,,,,left_only,,,,,,,,,
WMPID4173,"GERHARDT, ERIK",Erik Gerhardt,PA,LIB,Erik Chase Gerhardt,"Erik Chase Gerhardt (L)  
											",https://s3.amazonaws.com/ballotpedia-api4/files/thumbs/100/100/ErikGerhardt.png,Erik Chase Gerhardt,ErikGerhardt.png,both,,,,,,,,,
WMPID2117,"MATTHEWS, KRYSTLE",Krystle Matthews,SC,DEM,Krystle Matthews,"Krystle Matthews (D) 
",https://s3.amazonaws.com/ballotpedia-api4/files/thumbs/100/100/Krystle_Matthews1.jpg,Krystle Matthews,Krystle_Matthews1.jpg,both,,,,,,,,,
WMPID4327,"ADAMS, LARRY JR",Larry Jr Adams,SC,IND,,,,,,left_only,,,,,,,,,
WMPID3203,"WISE MURRAY IV, WILLIAM",William Wise Murray Iv,SC,,,,,,,left_only,,,,,,,,,
WMPID3780,"DIXON, NATE DR.",Nate Dixon,SC,NPA,,,,,,left_only,,,,,,,,,
WMPID5066,"HARPER, JESSE L MR",Jesse Harper,SC,IAP,Jesse Harper,"Jesse Harper (Independent American Party) (Write-in)  
											",https://cdn.ballotpedia.org/images/thumb/f/fb/Silhouette_Placeholder_Image.png/150px-Silhouette_Placeholder_Image.png,Jesse Harper,https://cdn.ballotpedia.org/images/thumb/f/fb/Silhouette_Placeholder_Image.png/150px-Silhouette_Placeholder_Image.png,both,,,,,,,,,
WMPID1465,"THUNE, JOHN R.",John Thune,SD,REP,John Thune,"John Thune (R)  
											",https://s3.amazonaws.com/ballotpedia-api4/files/thumbs/100/100/John_Thune.jpg,John Thune,John_Thune.jpg,both,,,,,,,,,
WMPID2037,"BENGS, BRIAN L",Brian Bengs,SD,DEM,Brian Bengs,"Brian Bengs (D)  
											",https://s3.amazonaws.com/ballotpedia-api4/files/thumbs/100/100/Brian-Bengs.PNG,Brian Bengs,Brian-Bengs.PNG,both,,,,,,,,,
WMPID5113,"LESNAR, TAMARA J.",Tamara Lesnar,SD,LIB,Tamara Lesnar,"Tamara Lesnar (L) 
",https://s3.amazonaws.com/ballotpedia-api4/files/thumbs/100/100/Tamara_Lesnar.jpg,Tamara Lesnar,Tamara_Lesnar.jpg,both,,,,,,,,,
WMPID3978,"MCMULLIN, DAVID EVAN",David Evan Mcmullin,UT,UN,Evan McMullin,"Evan McMullin (Independent)  
											",https://s3.amazonaws.com/ballotpedia-api4/files/thumbs/100/100/Evan-McMullin.PNG,Evan McMullin,Evan-McMullin.PNG,both,,,,,,,,,
WMPID4530,"WILLIAMS, TOMMY",Tommy Williams,UT,OTH,Tommy Williams,"Tommy Williams (Independent American Party of Utah)  
											",https://cdn.ballotpedia.org/images/thumb/f/fb/Silhouette_Placeholder_Image.png/150px-Silhouette_Placeholder_Image.png,Tommy Williams,https://cdn.ballotpedia.org/images/thumb/f/fb/Silhouette_Placeholder_Image.png/150px-Silhouette_Placeholder_Image.png,both,,,,,,,,,
WMPID4261,"HANSEN, JAMES ARTHUR",James Arthur Hansen,UT,LIB,James Arthur Hansen,"James Arthur Hansen (L) 
",https://s3.amazonaws.com/ballotpedia-api4/files/thumbs/100/100/James-Arthur-Hansen.PNG,James Arthur Hansen,James-Arthur-Hansen.PNG,both,,,,,,,,,
WMPID4959,"SEGUIN, MICHAEL SEGUIN COL",Michael Joseph Seguin,UT,W,,,,,,left_only,,,,,,,,,
WMPID4493,"COESTER, C. MARK MR",C. Mark Coester,VT,AIP,,,,,,left_only,,,,,,,,,
WMPID4322,"PIERCE, BROCK",Brock Pierce,VT,IND,,,,,,left_only,,,,,,,,,
WMPID1029,"WELCH, PETER",Peter Welch,VT,DEM,Peter Welch,"Peter Welch (D)  
											",https://s3.amazonaws.com/ballotpedia-api4/files/thumbs/100/100/Peter-Welch.jpg,Peter Welch,Peter-Welch.jpg,both,,,,,,,,,
WMPID3158,"RAHEB, KERRY",Kerry Raheb,VT,IND,,,,,,left_only,,,,,,,,,
WMPID3442,"HELALI, CHRISTOPHER JOSEPH",Christopher Joseph Helali,VT,COM,,,,,,left_only,,,,,,,,,
WMPID4168,"MALLOY, GERALD",Gerald Malloy,VT,REP,Gerald Malloy,"Gerald Malloy (R) 
",https://s3.amazonaws.com/ballotpedia-api4/files/thumbs/100/100/Gerald_Malloy.jpeg,Gerald Malloy,Gerald_Malloy.jpeg,both,,,,,,,,,
WMPID1273,"ERICSON, CRIS MS.",Cris Ericson,VT,IND,,,,,,left_only,,,,,,,,,
WMPID5029,"ABBOTT, MARTHA",Martha Abbott,VT,OTH,,,,,,left_only,,,,,,,,,
WMPID1469,"MURRAY, PATTY",Patty Murray,WA,DEM,Patty Murray,"Patty Murray (D)  
											",https://s3.amazonaws.com/ballotpedia-api4/files/thumbs/100/100/Patty_Murray.jpg,Patty Murray,Patty_Murray.jpg,both,,,,,,,,,
WMPID2158,"SMILEY, TIFFANY",Tiffany Smiley,WA,REP,Tiffany Smiley,"Tiffany Smiley (R)  
											",https://s3.amazonaws.com/ballotpedia-api4/files/thumbs/100/100/TiffanySmiley.jpeg,Tiffany Smiley,TiffanySmiley.jpeg,both,,,,,,,,,
WMPID3887,"D'AMICO, SAMUEL NICHOLAS MR",Samuel Nicholas D?Amico,WI,DEM,,,,,,left_only,,,,,,,,,
WMPID2352,"AUBART, SCOTT ALAN MR",Scott Alan Aubart,WI,AIP,Scott Aubart,"Scott Aubart (American Independent Party) (Write-in) 
",https://cdn.ballotpedia.org/images/thumb/f/fb/Silhouette_Placeholder_Image.png/150px-Silhouette_Placeholder_Image.png,Scott Aubart,https://cdn.ballotpedia.org/images/thumb/f/fb/Silhouette_Placeholder_Image.png/150px-Silhouette_Placeholder_Image.png,both,,,,,,,,,
WMPID4650,"BARNES, MANDELA",Mandela Barnes,WI,DEM,Mandela Barnes,"Mandela Barnes (D) 
",https://s3.amazonaws.com/ballotpedia-api4/files/thumbs/100/100/Mandela-Barnes.jpg,Mandela Barnes,Mandela-Barnes.jpg,both,,,,,,,,,
WMPID1471,"MURKOWSKI, LISA",Lisa Murkowski,AK,REP,Lisa Murkowski,Lisa Murkowski ,https://s3.amazonaws.com/ballotpedia-api4/files/thumbs/100/100/Lisa_Murkowski.jpg,Lisa Murkowski,Lisa_Murkowski.jpg,both,,,,,,,,,
WMPID1478,"SCHATZ, BRIAN",Brian Schatz,HI,DEM,Brian E. Schatz,"Brian E. Schatz (D)  
											",https://s3.amazonaws.com/ballotpedia-api4/files/thumbs/100/100/Brian_Schatz__official_portrait__113th_Congress_2-7_fixed.jpg,Brian E. Schatz,Brian_Schatz__official_portrait__113th_Congress_2-7_fixed.jpg,both,,,,,,,,,
WMPID1481,"KENNEDY, JOHN NEELY",John Kennedy,LA,REP,,,,,,left_only,,,,,,,,,
WMPID4986,"MCMORRIS, BRANNON L",Brannon Mcmorris,LA,IND,,,,,,left_only,,,,,,,,,
WMPID1492,"LANKFORD, JAMES PAUL",James Lankford,OK,REP,James Lankford,"James Lankford (R)  
											",https://s3.amazonaws.com/ballotpedia-api4/files/thumbs/100/100/James_Lankford.jpg,James Lankford,James_Lankford.jpg,both,,,,,,,,,
WMPID5129,"WOODS, RAY",Ray Woods,OK,IND,Ray Woods,"Ray Woods (Independent)  
											",https://s3.amazonaws.com/ballotpedia-api4/files/thumbs/100/100/RayWoods.jpg,Ray Woods,RayWoods.jpg,both,,,,,,,,,
WMPID1493,"PERKINS, JO RAE",Jo Rae Perkins,OR,REP,Jo Rae Perkins,"Jo Rae Perkins (R / Constitution Party) 
",https://s3.amazonaws.com/ballotpedia-api4/files/thumbs/100/100/jo_rae_perkinsor1.png,Jo Rae Perkins,jo_rae_perkinsor1.png,both,,,,,,,,,
WMPID1495,"SCOTT, TIMOTHY E.",Tim Scott,SC,REP,Tim Scott,"Tim Scott (R)  
											",https://s3.amazonaws.com/ballotpedia-api4/files/thumbs/100/100/Tim_Scott.jpeg,Tim Scott,Tim_Scott.jpeg,both,,,,,,,,,
WMPID1504,"DUCKWORTH, L. TAMMY",Tammy Duckworth,IL,DEM,Tammy Duckworth,"Tammy Duckworth (D)  
											",https://s3.amazonaws.com/ballotpedia-api4/files/thumbs/100/100/Tammy_Duckworth__official_portrait__113th_Congress-7_fixed.jpg,Tammy Duckworth,Tammy_Duckworth__official_portrait__113th_Congress-7_fixed.jpg,both,,,,,,,,,
WMPID1505,"YOUNG, TODD CHRISTOPHER",Todd Young,IN,REP,Todd C. Young,"Todd C. Young (R)  
											",https://s3.amazonaws.com/ballotpedia-api4/files/thumbs/100/100/Todd_C._Young.jpg,Todd C. Young,Todd_C._Young.jpg,both,,,,,,,,,
WMPID1510,"VAN HOLLEN, CHRIS",Chris Van Hollen,MD,DEM,Chris Van Hollen,"Chris Van Hollen (D)  
											",https://s3.amazonaws.com/ballotpedia-api4/files/thumbs/100/100/Chris_van_Hollen.jpg,Chris Van Hollen,Chris_van_Hollen.jpg,both,,,,,,,,,
WMPID4810,"CHAFFEE, CHRIS",Chris Chaffee,MD,REP,Chris Chaffee,"Chris Chaffee (R)  
											",https://s3.amazonaws.com/ballotpedia-api4/files/thumbs/100/100/Chris-Chaffee.PNG,Chris Chaffee,Chris-Chaffee.PNG,both,,,,,,,,,
WMPID1514,"HASSAN, MARGARET WOOD",Margaret Hassan,NH,DEM,,,,,,left_only,,,,,,,,,
WMPID1516,"CORTEZ MASTO, CATHERINE",Catherine Cortez Masto,NV,DEM,Catherine Cortez Masto,"Catherine Cortez Masto (D)  
											",https://s3.amazonaws.com/ballotpedia-api4/files/thumbs/100/100/Catherine_Cortez_Masto.jpg,Catherine Cortez Masto,Catherine_Cortez_Masto.jpg,both,,,,,,,,,
WMPID1518,"MURPHY, ROBERT T",Robert T. Murphy,OK,LIB,Robert Murphy,"Robert Murphy (L)  
											",https://s3.amazonaws.com/ballotpedia-api4/files/thumbs/100/100/RobertMurphyOK2.jpg,Robert Murphy,RobertMurphyOK2.jpg,both,,,,,,,,,
WMPID1519,"WYDEN, RONALD LEE",Ron Wyden,OR,DEM,Ron Wyden,"Ron Wyden (D / Independent Party)  
											",https://s3.amazonaws.com/ballotpedia-api4/files/thumbs/100/100/Ron_Wyden.jpg,Ron Wyden,Ron_Wyden.jpg,both,,,,,,,,,
WMPID2065,"FETTERMAN, JOHN KARL",John Karl Fetterman,PA,DEM,John Fetterman,"John Fetterman (D)  
											",https://s3.amazonaws.com/ballotpedia-api4/files/thumbs/100/100/John-Fetterman.PNG,John Fetterman,John-Fetterman.PNG,both,,,,,,,,,
WMPID1531,"CRAPO, MICHAEL D",Mike Crapo,ID,REP,Mike Crapo,"Mike Crapo (R)  
											",https://s3.amazonaws.com/ballotpedia-api4/files/thumbs/100/100/Mike_Crapo.jpg,Mike Crapo,Mike_Crapo.jpg,both,,,,,,,,,
WMPID1547,"SCHUMER, CHARLES E.",Charles Schumer,NY,DEM,,,,,,left_only,,,,,,,,,